Dates ;2013-05-01;2013-05-16;2013-06-01;2013-06-16;2013-07-01;2013-07-16;2013-08-01;2013-08-16;2013-09-01;2013-09-16;2013-10-01;2013-10-16;2013-11-01;2013-11-16;2013-12-01;2013-12-16;2014-01-01;2014-01-16;2014-02-01;2014-02-16;2014-03-01;2014-03-16;2014-04-01;2014-04-16;2014-05-01;2014-05-16;2014-06-01;2014-06-16;2014-07-01;2014-07-16;2014-08-01;2014-08-16;2014-09-01;2014-09-16;2014-10-01;2014-10-16;2014-11-01;2014-11-16;2014-12-01;2014-12-16;2015-01-01;2015-01-16;2015-02-01;2015-02-16;2015-03-01;2015-03-16;2015-04-01;2015-04-16;2015-05-01;2015-05-16;2015-06-01;2015-06-16;2015-07-01;2015-07-16;2015-08-01;2015-08-16;2015-09-01;2015-09-16;2015-10-01;2015-10-16;2015-11-01;2015-11-16;2015-12-01;2015-12-16;2016-01-01;2016-01-16;2016-02-01;2016-02-16;2016-03-01;2016-03-16;2016-04-01;2016-04-16;2016-05-01;2016-05-16;2016-06-01;2016-06-16;2016-07-01;2016-07-16;2016-08-01;2016-08-16;2016-09-01;2016-09-16;2016-10-01;2016-10-16;2016-11-01;2016-11-16;2016-12-01;2016-12-16;2017-01-01;2017-01-16;2017-02-01;2017-02-16;2017-03-01;2017-03-16;2017-04-01;2017-04-16;2017-05-01;2017-05-16;2017-06-01;2017-06-16;2017-07-01;2017-07-16;2017-08-01;2017-08-16;2017-09-01;2017-09-16;2017-10-01;2017-10-16;2017-11-01;2017-11-16;2017-12-01;2017-12-16;2018-01-01;2018-01-16;2018-02-01;2018-02-16;2018-03-01;2018-03-16;2018-04-01;2018-04-16;2018-05-01;2018-05-16;2018-06-01;2018-06-16;2018-07-01;2018-07-16;2018-08-01;2018-08-16;2018-09-01;2018-09-16;2018-10-01;2018-10-16;2018-11-01;2018-11-16;2018-12-01;2018-12-16;2019-01-01;2019-01-16;2019-02-01;2019-02-16;2019-03-01;2019-03-16;2019-04-01;2019-04-16;2019-05-01;2019-05-16;2019-06-01;2019-06-16;2019-07-01;2019-07-16;2019-08-01;2019-08-16;2019-09-01;2019-09-16;2019-10-01;2019-10-16;2019-11-01;2019-11-16;2019-12-01;2019-12-16;2020-01-01;2020-01-16;2020-02-01;2020-02-16;2020-03-01;2020-03-16;2020-04-01;2020-04-16;2020-05-01;2020-05-16;2020-06-01;2020-06-16;2020-07-01;2020-07-16;2020-08-01;2020-08-16;2020-09-01;2020-09-16;2020-10-01;2020-10-16;2020-11-01;2020-11-16;2020-12-01;2020-12-16;2021-01-01;2021-01-16;2021-02-01;2021-02-16;2021-03-01;2021-03-16;2021-04-01;2021-04-16;2021-05-01;2021-05-16;2021-06-01;2021-06-16;2021-07-01;2021-07-16;2021-08-01;2021-08-16;2021-09-01;2021-09-16;2021-10-01;2021-10-16;2021-11-01;2021-11-16;2021-12-01;2021-12-16;2022-01-01;2022-01-16;2022-02-01;2022-02-16;2022-03-01;2022-03-16;2022-04-01;2022-04-16;2022-05-01;2022-05-16;2022-06-01;2022-06-16;2022-07-01;2022-07-16;2022-08-01;2022-08-16;2022-09-01;2022-09-16;2022-10-01;2022-10-16;2022-11-01;2022-11-16;2022-12-01;2022-12-16;2023-01-01;2023-01-16;2023-02-01;2023-02-16;2023-03-01;2023-03-16;2023-04-01;2023-04-16;2023-05-01;2023-05-16;2023-06-01;2023-06-16;2023-07-01;2023-07-16;2023-08-01;2023-08-16;2023-09-01;2023-09-16;2023-10-01;2023-10-16;2023-11-01;2023-11-16
bitcoin;1298951550.0;1289277412.0;1449499974.0;1129287060.0;1107084792.0;1111179853.0;1220481782.0;1270257534.0;1607960283.0;1539430293.0;1561200410.0;1702245233.0;2449516394.0;5248843453.0;12464724345.0;9573257565.0;9358693020.0;10283900055.0;10271715012.0;7614456286.0;6979712746.0;7883319532.0;6023351178.0;6674473792.0;5821425472.0;5725217915.0;8094125581.0;7646618730.0;8351853048.375001;7981890813.249996;7773046501.525218;6851511348.007502;6288710716.500003;6141505242.9375;5079406227.749999;5080504776.5599985;4358250678.7125;5236180276.3025;5146696228.575;4473187530.400002;4293958347.0000014;2826188131.0;3119897131.48;3266299219.505;3580465593.9375;4046186762.5125012;3456621444.825;3205775569.775;3284896594.1999984;3333957591.325;3176729202.67;3564086480.705;3691294141.84;3981564979.0499988;4047265065.76;3739450598.7300014;3308579439.8025;3340446394.8000016;3489093808.33;3864938757.1125;4806796483.202498;4919473733.625;5417967322.499998;6794808883.749998;6530621623.574999;5806905132.6;5623172735.125;6194279970.374997;6586086153.8;6383495145.600001;6410999713.95;6653836775.25;7012822521.599999;7074393585.075;8416291167.199999;11991494582.524998;10654888849.0;10458476976.564003;9564059424.39599;9145336947.424574;9056523459.6;9627042762.308758;9763087934.558167;10195309967.356796;11633474056.199999;11847684538.725115;12062849170.250002;12538210372.300001;16045986192.85;13341392032.219997;15922459702.093218;16731535006.800604;19875003126.771698;19743578282.65421;17634831646.535995;19310204918.47;22964730936.125;28034610160.905;39868442921.8656;41213920649.6624;40066457532.22669;31704152052.833904;45126045890.85253;70376601817.48047;80428274476.4107;59757602841.68003;72162524814.14323;95258545426.38307;111860407349.42265;130381304858.568;183780731163.873;329315720181.841;236440337971.831;197043955228.79236;170304196700.15707;170569769073.98798;174778709347.89926;141449655895.93512;118234055446.5432;140220533919.44476;156443377473.375;144348790079.53476;127322669333.3591;109527730085.0741;109023438456.36497;108903950780.21829;132963528816.20732;107788817699.53123;121186316787.30235;112796085614.54744;114617564007.79602;115236573309.55287;110487418903.24472;98829079080.72421;69715049461.01839;56171263934.47407;64422635599.72896;62348810149.49811;60101226569.37371;63165603231.85129;67016664287.2375;69031558676.15643;72310769858.13646;89148028192.09521;93534079555.95955;144615566025.01224;152037344606.20877;156571955413.46933;193705059813.9276;195225460386.1362;179525433372.0441;183808182261.62988;172069023390.1022;184860740267.84445;148699326425.13895;147132917995.71127;165197797836.50772;152925645908.6678;136619988247.82372;128886696696.6067;130394101535.60994;159960761751.8495;169340144566.23718;180265718400.57037;156047250857.11172;98632587514.00247;117750205634.39989;121499498109.80829;158042623264.3916;170983863891.47488;174105710752.04755;173598215783.88248;168558715595.07886;169758848797.9732;208933774575.1489;219049736823.3334;215921598551.33038;199044338127.62628;199310441688.83572;212878404236.874;255329261020.6163;296277008765.18964;363927715778.6875;360542942204.959;539438036435.6701;684304915288.2261;615013848827.3505;892345220938.2782;838307614585.1935;1049197142851.5631;1098127310946.8978;1179561609816.9358;1082721727348.0433;875321252276.1078;699138611681.2975;756522207420.3483;660200427590.4775;595342431373.8641;784039345926.1898;882888202377.7089;890014982634.8986;906727769791.0696;827840965059.6127;1164782155730.3254;1159841954948.4832;1206711952537.9358;1076804436724.3245;925006387197.2257;876192941903.0961;816800318526.6782;727905398095.9747;848321283143.9929;819019441071.749;747642430663.595;865010142444.9791;771666602547.5923;719611115951.2947;596346266888.6597;607393396318.7885;429887916884.8431;365984224323.45276;397285233065.65533;447051019373.1847;462437221425.1544;383348414528.78253;377719382182.44714;373222100680.7475;365870425566.52997;393311097043.5727;324608360619.00433;330763402606.7043;333854506370.7365;318278329991.7019;401697403586.5178;445991168199.3282;468820317786.9533;446010055987.85736;472833547484.0809;551707238559.8757;586969785778.0928;568513467268.4124;527655229433.8867;528464394082.93866;495788386559.10156;591722375245.7673;588642134563.5204;568333703606.0996;567498309102.7323;505403246528.0237;518872387637.1001;525936342995.4552;529643463244.3381;676319525450.0793;739215831747.2646
litecoin;62957992.0;50797474.0;53448601.0;38458764.0;58227332.0;57554352.0;58566621.0;55891913.0;54168590.0;56483741.0;51957976.0;42068295.0;52709695.0;101190328.0;793111861.0;632561637.0;601777194.0;622918706.0;582735252.0;397347175.0;358938030.0;460853728.0;355878160.0;368220847.0;310545992.0;295966897.0;321886754.0;283947095.9644264;245530415.14333636;250678296.65164617;235894857.40485823;155056658.6112038;149436384.42381158;162095187.05148786;143506236.02425706;130650069.03068127;118904452.99660721;131662631.84008597;122536225.16163187;105111733.6823736;95598027.0345911;49809042.70607825;65328393.14298136;66070666.98217195;69410421.36245254;75578293.92860764;62794932.303207;53949877.85560037;54583268.24177028;56007232.35287402;63889490.465409316;112884561.03934067;158562626.15152505;146256927.2823452;172062098.39638788;164767721.56518206;118623982.70271726;118467789.78582408;127726304.5451057;131811087.62422939;164391383.00626868;138603166.46580306;149200282.83326587;160103335.31231287;154033993.05319256;135613118.90041524;135109968.05707294;141847571.04747272;151829890.25679243;148342555.22487327;146163866.56842673;149352669.12622482;169659496.52973157;184193276.48033357;217767371.8354249;262296276.21954584;199033998.31641668;194109465.54384845;181465185.89141336;170746992.38882458;181297130.05778277;181472109.4086866;183794096.6682074;186196377.80708078;197401220.95268854;190087648.84365204;191254371.06754127;181169377.06288183;221302264.8123639;190900220.04293704;201313023.04189026;194645210.89461935;196495988.02104843;219358721.77274847;358465944.39855564;567703960.5385361;808963889.3946565;1199544743.8400705;1435461922.3987625;1818322214.857761;2054758130.6208088;2131751570.1008744;2252222753.2806044;2301274212.7661524;4522407486.916793;2576178910.8677006;2871664412.730462;3444713956.606128;2852733225.7599306;3846795634.67394;5388083337.28238;16345841564.3643;12577160934.4556;10380883694.789461;8879163932.691711;12282473493.999687;11226408945.573835;9231578581.44226;6492927120.542822;7318731363.137589;8264734774.699188;7850603693.875812;6659040041.739097;5428506484.821247;4617831259.690746;4466192190.398698;4540042010.39408;3134248583.864048;3604908419.7739315;3306593261.5189233;3581759149.075892;3265591077.268181;2938794339.8837705;2624848637.5025663;1898766149.9304128;1408577554.9549782;1786066932.7199204;1853454693.1427057;1889887501.2565339;2566035200.4972386;2776443425.2892294;3558479624.289665;3699609522.876328;4815733319.216085;4536380340.336982;6349818514.922049;7111085132.698092;8569206112.50246;7624136052.740029;5697715522.675685;6220195734.015525;4810925277.664582;4060570098.643615;4435040484.950177;3543015051.683736;3468848498.4093485;3714298105.7950416;3666804135.152108;3014907198.495158;2769888222.6622066;2631033887.899123;3704825023.528594;4323780791.204591;4886813352.26865;3729258959.679366;2348597741.507014;2527868198.6885247;2535232127.0930605;2985326129.7877245;2761074834.37273;2967645189.210175;2844881164.431206;2677254552.8838854;2817157064.4991508;3787764747.1661873;3911487029.116384;3983740402.535963;3156431520.0266995;3034119907.633546;3248878552.9431334;3664534668.564069;4112688542.953685;5766226392.764595;5379040746.520349;8232940083.327155;9537424849.722498;8611596821.687353;13794079373.608767;11051377799.74987;13393811285.786148;13117192834.593618;19115102975.37121;18154917669.62492;19963930434.64082;12513820456.32828;11767803245.935764;9639134229.668383;8403184173.191431;9708449336.08721;12299559504.833681;11475429430.682352;12616239375.27891;10228958668.177526;13018317286.77698;13222938865.094852;18244914469.894947;14365979718.446926;10599207876.799978;10165614442.928844;10252242788.856188;7609502523.441636;9214944628.079865;7901458519.601742;7487422510.81002;8649611372.497837;7787632988.07337;6741792114.121952;5027705637.105439;4823421848.116394;3552498433.697788;3753105758.357663;3659153273.0464454;4241999791.3956246;4321662477.601759;3820482929.09622;4006165846.4487104;3814320769.585342;3610017580.9387183;3942779691.7944508;4159919279.9492064;5715045823.83227;5193733410.244001;5044935487.6266165;6289653588.125069;6817827465.647194;7422396329.232447;6771528857.874855;5548847719.175217;6521042696.986031;7051092680.019049;6463261911.260872;6363777766.103566;6622747030.394531;5443257521.138229;7898586033.718159;6947465306.063333;6775825683.396544;5829925342.036408;4701515303.330284;4854530378.688071;4868862373.473626;4546021198.691085;5084259040.422232;5475186395.608882
ripple;0.0;0.0;0.0;0.0;0.0;0.0;0.0;22682044.0;45348764.0;55062805.0;93320587.0;59296583.0;48338638.0;78037707.0;412246710.0;183055108.0;211420757.0;164694012.0;161307302.0;126562254.0;107889224.0;112323532.0;68458134.0;54902382.0;42319410.0;54020758.0;31988929.0;33074303.42119994;28613472.44802;26729361.284093;44077140.215857;44811621.676110014;145642003.464768;148106089.90873793;138278733.38514006;140568884.31541803;135060926.381838;150222305.32532406;383917073.213856;667130029.974174;755121561.0751997;508845863.2352;438463676.3808;440018926.38473;391549836.524077;350132536.564151;243813242.67626706;256879071.93314448;256125029.6895908;210118100.5005639;242268219.27502665;296705209.1239787;358000976.0777611;258288766.46846184;262693311.8974932;265380759.33563846;253362209.86134332;241257724.717136;176930994.99185604;178877762.02978498;163062249.05699402;138460339.98820797;137067517.00617108;226511869.307482;199212393.20201993;171376318.05763;222211084.51231104;288135790.988776;271874459.67055005;282648016.10196906;255578277.9935069;226262861.02891806;236967545.6237519;210014056.39962605;202587027.67422006;234137432.58293697;240635376.91986397;232900229.00634795;210065763.421122;218255292.001098;211547709.87599;261536942.521808;290896614.05520004;285970208.85343504;287446455.07080996;280684755.143352;241693735.03768396;240145826.63990697;231686616.18602395;248941854.35403997;239272554.768816;223860649.10834697;199686682.927872;232544436.359308;844766180.134448;1254480642.674736;2018318155.168775;13013769445.778046;12879987331.410103;10049320009.490713;9775484971.68468;5540304316.55952;6768090489.40144;6142836845.024132;9572348406.881535;6843953993.854787;7797948779.903827;9861607945.540993;7480166182.466782;8629049387.40486;9863779005.65406;29552660255.417;89492073293.9516;46299086530.56665;44316417201.49967;44796623099.72568;35542648464.83488;27511420965.599255;20016003613.76977;26598542370.99314;32700504670.886955;27323877593.932518;24031294246.672367;20965995759.13145;18257097121.485836;17497697361.772587;17119407949.638153;11060106468.746155;13304200788.849567;11216254780.528734;23189480865.26736;18121375435.246593;18235384769.580273;19596800393.614944;14607505065.57019;11614715521.826195;14249680464.478922;13250399888.87465;12697870804.593693;12373107746.476965;12954764942.679686;13026304156.228418;12902812759.54749;13424535740.112926;12889724840.292702;19301044733.637108;18550333540.562267;17417379239.959103;16831748098.04542;13234306671.312214;13704301136.532732;11332614728.499443;11079217477.103878;11220417029.639263;11011194094.297218;12437205953.801718;12740421990.771605;11311819693.686783;9800096980.027464;9421061834.634323;8359480714.050397;10123709179.009432;10415795950.139376;13351349272.969727;10085552216.249443;6732484159.771578;7641538582.275465;8011761733.297829;9449611235.487078;8755377615.674406;8966762754.982592;8520123141.714212;7825863681.306612;8838298047.426737;11629863144.261322;13435515076.955982;12734844410.00787;10924989830.669458;10899063751.06877;11112767380.445564;10856481131.012754;12225964205.426842;30191107728.904293;21274488732.630653;9986921049.346117;12758648527.012667;22460670801.01922;25026313241.817905;18911825797.223972;20046575704.500507;26345850652.65566;80621962486.44653;73298828829.0944;68002621654.34993;48054553991.807175;40312888500.39617;32268800761.051617;27694734252.607735;34822531550.131996;59584210571.94573;55449845566.08223;52164873856.70661;44546255848.781906;53654404126.03082;52393229939.57826;55534908930.01491;47048123045.71624;39175910677.259605;39521292390.58477;37238112155.95848;29553290453.17287;40834438279.59535;37500615316.86525;36906247283.91733;39229302714.938545;37917721713.907646;28276768858.64577;21676314969.990356;20519703901.01127;16638203871.66533;15916873051.469343;16148938887.012407;18430217002.051163;18525959226.67408;16279792839.534712;16311357746.340384;23954591313.39305;24078700455.34395;23224524935.39032;19639994952.653553;20719087977.17768;19073834524.492348;17121133957.937172;19502566239.733498;20688747113.486633;20368679852.003353;19254765044.415302;18449948264.467854;27928271774.46026;26973876116.81294;24497798435.85786;22182629326.123474;26998129476.664906;25039056140.417084;24792368682.025192;37484963831.147064;36854361562.914604;32153506290.77583;27028578365.966022;26621227953.339558;27482408020.331535;26070363434.70989;32147046524.93987;34861905366.83981
dogecoin;0.0;0.0;0.0;0.0;0.0;0.0;0.0;0.0;0.0;0.0;0.0;0.0;0.0;0.0;0.0;0.0;8079013.0;11997265.0;61902236.0;72529881.0;59278150.0;50648515.0;35541929.0;50283291.0;38085604.0;35142038.0;32411547.0;28959580.433616344;22049863.02888037;20218320.69924129;18579709.396609224;12125771.605756253;11824468.95208865;26304810.672877233;34176912.4763922;24157748.14487694;21115479.82408997;21406840.388794787;23134808.158058137;16779705.71236528;17803324.487520907;13715435.97476578;14070637.549415685;14144234.71707467;14363099.001620831;14232081.963148177;12477676.075119473;10737647.29976804;9827740.647975305;11536784.84718621;14148765.178538952;19261695.987727262;19102960.62892336;17167220.154881638;17595789.230719738;14857893.669623971;12820188.509617282;12253886.890972715;12360423.740354454;12009330.840315301;13588532.949157164;13294269.762109736;12971329.42391171;16534027.192861857;13896310.374160906;16026389.366845477;26986941.518216267;29265806.733024657;25517570.37490483;23529982.03273509;23142027.764032714;23854087.938818384;23527094.052490365;23882935.425444588;24352430.30619317;34704300.1121927;31446445.020974975;27603221.560410906;23487154.53846908;27302347.73324085;23531751.086043295;26180138.191720504;24791864.071410913;23851308.41854901;23385128.719116047;23395283.305259984;23136103.571584884;23170800.804370917;23734953.118906334;22322197.648568626;22397811.814961072;23559757.349815737;22826827.693335734;26342189.320565917;37372190.865883596;49742710.17875148;74634240.50101101;116986258.46511967;300732852.90458685;340791672.5715128;257227221.182166;143932548.51629788;198695651.88812795;188484403.73690373;275253527.30907935;95198533.97012287;118789509.32010058;128662913.56289208;122571952.71945629;151555964.448862;240287418.98963;665691723.964672;1023600846.28914;784569098.6719484;666198506.9171796;830934603.0330247;675333042.7647929;403235736.2110008;318539152.0664117;521360026.55114836;606951621.542478;517891197.3769552;386028074.1622863;330865354.0203553;287897248.1844845;274941188.9292106;348117920.0773551;266925072.4846674;566508785.0689851;724088669.1996338;691874674.1375976;624429338.7988721;444017276.8605213;330135713.0109785;255455152.25288242;242424078.81378934;275088048.5858501;244939834.92080778;225194904.7789229;224194588.75158492;229556545.6250416;241483524.07262516;246839814.81263804;330496436.80821455;303305122.742022;395969199.60616946;423861644.67333645;386239561.26716745;386939807.9730509;374245698.58999413;345271427.06775755;315999211.9630991;298721760.4495636;296581546.9748902;287449283.8459872;303566744.56075644;317132867.0602644;322955241.4840273;283828268.94753206;263303622.09773463;249356786.76317778;293219030.2143502;293883414.0927982;365134652.2338547;277173142.30733156;210527259.01455036;224694247.46939987;241578570.51711214;303753871.59630835;308034839.7949836;319088845.3079224;308939930.2723902;289978285.3528022;387445086.55540997;402780720.32567483;444957534.8434745;405652921.3823183;357370626.0538731;333197389.76617265;328138628.76890826;325251670.1167678;353448378.84999126;453349206.1049365;409873944.7316598;597887560.832381;1193371729.6035225;4920829028.995096;7306725577.541543;6201387146.83418;7324737827.105644;7014689872.852019;22780764221.115986;43856109572.50017;65685563368.05302;42392462477.40863;41819458597.71468;33047008785.811943;24197694491.85997;27955385438.395035;44252032897.11135;36566091551.648026;32473677223.432064;26892267860.924446;30955860407.472034;36909621914.54095;34088301572.875256;28448975742.609337;24072429978.997837;22624643574.053074;24545157843.31185;18798749873.748257;20205513014.868282;17644834541.64013;14976874936.795795;18285023774.70442;19399564921.502853;16949333837.117989;12361302619.217285;11416191888.823816;8327895936.654458;8694399568.0372;8351796019.995088;9078991629.40885;10220518297.147802;8122483672.247006;7828689974.63596;8209024026.137049;8006729816.920091;17350242400.171707;11979702699.505383;14807108805.482206;11617609255.012592;9675397665.427988;11856733528.917416;13260998097.849463;12313840261.662514;11172473927.906588;9700933207.997278;10745789397.554039;12375544024.570412;11129185209.818483;10063493874.894;10013398242.512693;8613005068.456253;9288852426.949455;10098198790.971888;10935386026.079294;9960603735.57354;8984778019.220459;8812490675.036211;8772288653.901236;8395818202.671165;9651179085.040161;10811526652.736101
monero;0.0;0.0;0.0;0.0;0.0;0.0;0.0;0.0;0.0;0.0;0.0;0.0;0.0;0.0;0.0;0.0;0.0;0.0;0.0;0.0;0.0;0.0;0.0;0.0;0.0;0.0;1934459.0;4554492.19953652;4276642.696524009;5417595.683999857;6599599.529990674;4401102.578719041;6499648.933852276;6341470.450415129;4496227.153917783;4033602.6106059887;2548189.2921929136;3039759.236457185;2376220.874538905;1714703.5025413737;2563380.65570088;1601588.958083572;1832626.6380023581;1589545.4939713748;2728327.7151143295;5354526.98821669;7009380.008913184;4924811.24533483;3691007.2304903073;4478769.026728859;3619041.9709421936;3952656.4322308544;4142139.580016289;4579632.633530902;5031955.275033859;5523214.002990472;4165009.374710785;4751561.898421498;3854564.5838244553;3969033.2001995384;4146050.097402449;4390422.999307474;3861640.10741408;5382436.862173012;5413476.403770641;5294195.481795808;5357986.626474274;10501726.59956021;9342106.531277737;12990634.050022952;16642282.056752022;11375506.093729213;10753041.463012606;9712121.874637283;11080398.420255754;19245017.421834998;20628577.536814507;24754320.087716557;21247500.87699729;27814261.892358348;103416558.1443524;115159023.01783666;95885954.73786496;83901981.14965318;62311822.64809378;89902332.51688366;115815053.86806612;114675965.02734981;186132429.6352885;145945047.42065495;184240618.0783509;183350267.49478516;174295065.40004548;310975626.2035825;300688624.8018775;292529976.787144;320316918.2696968;375720314.3137624;645948018.4412069;708611790.9574307;609745887.0441232;435512427.1553442;659686748.8225754;710647077.5629289;2128896941.8389764;1430046833.592753;1409725300.0326753;1449246024.0810475;1308363534.929779;1843262953.35118;2927739130.85261;5102160000.42149;5552975744.35028;5078194588.095118;4234399712.1014166;4780195501.436187;4488622854.65709;3416811835.128476;2862251990.984401;3171674796.260328;3850396261.9869657;3266498655.9845066;2499523024.9512873;1975975305.4574351;2118202612.2654202;2006754912.2190053;1989175940.8909535;1459757788.457291;1904595405.0576122;1959762663.8483334;1911857179.6315558;1755042905.610369;1705548997.7717798;1512304976.3541222;981864121.8428257;639363125.5634896;776560583.1717503;737795449.5984899;721401952.7216717;783841695.3376435;797792073.9722741;876888523.8411617;939096468.2115973;1102389313.1275475;1045176816.7532946;1607820392.0512633;1601157732.513235;1604386537.4948483;1502405592.9826274;1550962155.100556;1383130998.4055822;1417200970.7603633;1158573405.529168;1297912611.5132878;977683186.020949;897981638.9453367;1019739422.6248959;1073510375.4704711;950184435.4548762;878802618.3106865;776157310.4180708;1186606736.6747746;1259500451.8375797;1553922210.9663887;1154764534.574951;664485407.102783;837905258.5524391;933682955.8043919;1094705897.7905898;1099786481.3072724;1145816842.8163218;1136790057.9977262;1120923637.8006654;1248651882.4670746;1490725451.1174695;1588803770.6447113;1651981964.006753;1609018155.091269;1911595493.349141;2306417597.586508;2240360306.3480678;2037069357.7773502;2304689875.6331644;2685449534.487039;2779917364.8713923;2803768991.874677;2458607352.6621175;4056538956.716538;3884159218.6572156;3978233750.129792;4403863579.419129;6112388259.0032425;7536424345.190849;6856794408.633222;4891676582.776555;5036231306.876767;3993051380.273834;3525590130.437319;4336487627.14571;4887517996.353805;5177096613.052614;4836592787.417896;4520499909.461659;4964739499.976465;4933857545.762999;4856984388.275448;4303068395.882973;3390507625.941121;4148227995.2158155;3932235821.4810004;2650978292.059547;3313273702.712375;3074588150.805188;3324614530.0194454;3849256680.178497;4336962436.591036;3904806893.2090163;3111112633.73799;3638625708.659436;2132394815.3942876;2000524071.5224357;2514170072.1196203;2812868877.605019;2974227076.881106;2701539984.6659193;2637365002.1460686;2678365285.1227393;2536976682.439681;2702558953.392434;2346543271.277756;2585392911.869597;2699490069.246866;2673636632.7340827;3161104430.2710915;3225784888.2432604;3003673777.0981174;2724444744.3283906;2668971475.0947647;2868251848.4037685;2951188262.329516;2841844172.90594;2766832765.7087626;2652817197.6230392;2439353120.643835;3051328002.9414253;2989538883.636624;2933868333.6295757;2818818344.9622746;2595174621.6297135;2669446426.727367;2663093636.3395348;2765164048.4792137;3126034383.678163;2907270282.8124127
stellar;0.0;0.0;0.0;0.0;0.0;0.0;0.0;0.0;0.0;0.0;0.0;0.0;0.0;0.0;0.0;0.0;0.0;0.0;0.0;0.0;0.0;0.0;0.0;0.0;0.0;0.0;0.0;0.0;0.0;0.0;0.0;2572412.1596;2100866.9417;3608111.0071;3690840.6197173586;2927141.2968076053;2386295.566332668;5803634.477046707;9063212.48629574;11668127.064644614;19557193.888373856;15144943.198747251;13820517.555908015;12028362.104007073;4733783.698308988;9116807.889729314;11956846.070790475;6492660.111335208;12691822.970856702;12409878.924951008;14790776.06540054;17056909.300817885;16363154.35091513;14226281.725921348;12800026.491906196;10207306.69200004;11735120.598640509;10277530.9889487;10460582.52952859;9095068.413249737;10190655.688968737;9248575.037409887;7735803.93718308;8782975.545823537;8489972.405830039;8674486.117531;8603902.263976645;12246352.891008401;9160592.614977166;11493685.42002064;11110829.527798574;10496178.877289228;10303515.007564766;9307831.740161343;8251991.084009554;9321968.171914998;11227453.759488955;10774061.243578332;10581243.426055923;11287839.248042641;10792400.248115212;12749039.952417102;16872382.37984821;16579620.399266426;13654748.508048993;12168004.691568;11085490.760674002;21615951.269124;17179247.854615994;16528623.640944;16258683.807612;14889926.755251;12095008.546850992;13541378.719698;18516553.90023399;34855733.779398;46577010.289489;476855357.959214;409961692.848406;363494291.658498;254429614.594695;166153317.258795;193322824.5506;196416398.86056;392826960.672366;194740893.5140575;227539061.9403616;610052278.5668125;454817309.7524561;653748450.642857;1577818444.77142;4156358424.67626;8872391247.5639;8155382854.371711;9722922401.493351;8222874879.572082;6158372862.522427;4489597122.823677;3854703382.996526;5376475720.861921;7853096612.702768;6417880661.146885;5493890176.715731;4293139546.923309;3605436869.867663;4107660673.5059824;5216634035.127613;4083518698.72774;4152970887.7450576;3825591939.1699314;4876145400.776682;4260335177.1362896;4282561765.934384;4641983252.03609;3040092410.6215744;1816875966.2838545;2126692130.8794332;1994037466.9206214;1565273203.0558813;1515318705.0000112;1618618249.2659256;2037271692.263932;2072985199.679988;2187176919.7017765;1903116280.8259969;2669738768.496482;2595761704.235106;2453622851.4254246;2058751858.3571165;1660673874.02905;1643943888.7240214;1378211439.2944748;1232189932.0816424;1163928723.6655302;1225905279.6670115;1284607192.9469998;1298056517.9875267;1448207880.6499703;1164132278.6103745;1019285164.764058;899314567.3030348;1090273105.340469;1224381881.862779;1591436105.4595225;1153127340.1147065;772032428.7681814;826568428.1540279;944650882.425361;1393622535.621496;1354145953.5541046;1421995587.4400816;1442482041.2898886;1364105411.5984113;1921648979.4346032;1982030589.6397982;2191114810.5407996;2007989998.7945578;1612355149.7054174;1546137873.987486;1539260497.871927;1624597150.185857;1684236571.9971135;4377605930.819737;3623784632.845623;2809829047.01173;6296192558.363168;6803504942.507117;11007164051.928349;9196138609.16969;8750762254.828903;9251273821.656511;14609077028.719744;12165235232.267065;15574027711.244022;9286268999.02372;7793862108.554686;6556399443.768678;5585252453.8076105;6713258775.856844;9184593427.65243;8106008885.780787;8073282906.755709;6643428977.667574;8706682813.334139;9033816398.54583;9220145511.539984;8210078096.13689;6742111743.020869;6620535982.650166;6448548021.844282;4968881691.923728;5522037454.339786;4896866344.850245;4487527127.276793;5645051657.327541;5069654235.37784;4209199874.17932;3613714553.7234244;3751573095.340165;2991211713.898974;2754283014.0626554;2692587572.428739;2969452479.769052;3122370880.4300036;2632800268.2339525;2597138215.303813;2921464991.812076;2870062463.759853;2858306732.0535574;2382138343.874058;2324403872.2687087;2130825486.2754312;1862907919.9355955;2312512109.1458116;2385282660.9466457;2377387007.7257795;2302708032.646078;2226368748.7474766;2994056284.3405156;2855525341.155311;2541555676.396072;2365228046.6644135;2483882981.506988;2056219311.2317219;2994384933.8464546;3482015733.259024;4121666204.029228;3566636319.653529;3155340112.3502054;3313258288.5951147;3117311877.663317;2950038562.2578692;3382265668.6698184;3400896444.176675
tether;0.0;0.0;0.0;0.0;0.0;0.0;0.0;0.0;0.0;0.0;0.0;0.0;0.0;0.0;0.0;0.0;0.0;0.0;0.0;0.0;0.0;0.0;0.0;0.0;0.0;0.0;0.0;0.0;0.0;0.0;0.0;0.0;0.0;0.0;0.0;0.0;0.0;0.0;0.0;0.0;0.0;0.0;0.0;0.0;0.0;251600;0.0;251600;251600;251600;451600;451600;451600;451600;451600;451600;451600;451600;451600;451600;451600;451600;451600;951600;951599.9999999998;1451600.0;0.0;1451600.0;1451581.1292;1451600.0;1451591.0;1451591.0;1951591.0;1951591.0;2951591.0;5951585.048409;5951591.0;6951591.0;6951584.048409;6951591.0;6951591.0;6951584.048409;6951591.0;6951591.0;6951589.0;6951590.0;6951590.0;6951590.0;9951590.0;14951571.0;24951566.048409;24950996.0;24950944.098012004;34950363.0;54929547.06321599;50720684.583285;58985214.033612;60409623.541538;108143500.7;130043691.3;219280202.82;294481328.0;318458361.040768;318973166.347794;322693265.83;443888332.34956;436468042.385224;436310367.977237;451205462.202702;609862457.282624;770465654.41712;1127398787.93652;1380279517.44767;1667199879.47805;2201862496.650726;2219624011.71168;2221331210.13846;2221353381.5466;2288718941.16166;2287806414.4277477;2414259472.9486885;2204161198.988544;2509107720.0010204;2606755302.0367866;2709184202.4315243;3072501089.902076;2453551346.6156883;2434993162.27591;2816280697.763921;2789163924.121038;2787146947.902186;2741743088.786245;2054728480.8758912;2035600553.2074025;2047049156.2572145;2055986706.4454138;2064549306.778545;2063760229.0413232;2057052051.8271868;2056688196.8095427;2057342972.8255465;2058090474.3505268;2056503957.9496825;2061673213.1570573;2045683550.1407673;2056410948.8114793;2060729989.7639685;2064294985.9248483;3535311442.319507;3570423336.9946322;3569033681.397903;3562369900.9283037;3564804964.0925236;3562326505.220782;3566140173.725016;3562701963.0308404;4295520274.681653;4288170791.03422;4286494287.1856794;4285886684.7091284;4285941694.738991;4286133433.3041477;4277278307.8863506;4282126676.342095;4281707677.9713054;4293832554.0874405;4282455239.003254;6338368646.483199;7699585322.264011;8864847685.30716;9087003495.855902;9518736918.186726;9637841652.81123;9858754628.68023;10778488966.5884;12215059078.065254;13325296846.57462;14927227967.75129;15517416774.848162;15765787578.750116;16623463029.31081;17926838683.290417;19100000432.3168;19756381667.630585;20934027063.04073;24266793529.261494;26460152363.20715;32119872729.8971;35168931968.608925;38533359862.69341;40816914163.929474;46601536890.78333;51180431595.88118;58377161526.95669;61813544731.17228;62955531640.44513;62778375249.01169;62399251245.14264;61982505061.26139;63683568339.24468;66120214794.147316;69396384924.59024;69520021605.50893;69586865296.0703;71151207596.78554;74842834674.18434;74252385372.04616;77674023096.27138;78396945715.20705;78324639022.77094;78062781790.12593;78623518666.25392;79537958059.76778;80062438312.3427;82044965080.22784;82766275585.9142;83424696945.27954;75895175498.49956;72483593605.70987;70968169286.60156;66360128640.29797;65773604144.96095;65871066520.41806;67652985767.09705;67580452604.835976;67891357718.121574;68032463504.97388;68388940699.011696;69380585989.30975;66125312403.21258;65511131600.92582;65997016215.353096;66226451754.38176;66370266581.06579;67834965073.44664;69502620730.9046;70926090372.52197;74750701091.58803;79808588133.30806;80993005658.63786;81834959453.01086;82803772135.3671;83259425002.24538;83531769676.53441;83284621552.31244;83663934660.37202;83791388839.53244;83089141821.30199;82859256820.49013;83007465778.7753;83258001884.50362;83559393903.24854;84693605222.46228;87330293256.90219
ethereum;0.0;0.0;0.0;0.0;0.0;0.0;0.0;0.0;0.0;0.0;0.0;0.0;0.0;0.0;0.0;0.0;0.0;0.0;0.0;0.0;0.0;0.0;0.0;0.0;0.0;0.0;0.0;0.0;0.0;0.0;0.0;0.0;0.0;0.0;0.0;0.0;0.0;0.0;0.0;0.0;0.0;0.0;0.0;0.0;0.0;0.0;0.0;0.0;0.0;0.0;0.0;0.0;0.0;0.0;0.0;89480939.24025029;98446826.49425755;66147947.57992838;50481342.528862044;39443831.31743269;78742733.24541084;69812830.40735959;65752486.02943543;74686005.22814946;71849843.66511223;92765190.35300171;170434539.30474818;336781865.25572217;585403826.3853717;975104638.0634549;915415691.5298438;677141041.3390801;703213705.2833785;891725938.6611807;1117038106.1276379;1663058590.2352068;1005775062.8852906;960169025.1824887;905616046.061989;851307063.4618484;1002979070.4858418;1052421113.1733788;1121767153.3880613;1014551965.6012961;923284106.0659813;862443066.8905919;730151014.1821295;678214580.9425403;705615194.8270631;837562733.6341596;946733901.535968;1141695360.3501627;1534004366.1496954;3580085215.1633782;4554446900.250353;4421737497.550737;7010408300.280772;7983587476.027811;20436692118.01529;33157744080.501328;24397386527.037548;14603949935.719194;21282137210.92791;28217360455.396397;36461379831.851746;23173710726.76121;28442001971.008823;31583306698.85391;27907457658.55725;31606240405.8994;45142640782.4465;67685238860.8431;75056629369.4547;103677753320.31013;107663538775.87933;90637629785.66489;82862945950.985;60148621435.96764;39000868214.27854;51944970387.794846;65710538602.21053;69935482264.3191;57052511798.36029;48591417578.37274;45125931776.53015;44980010137.45454;43685748084.88833;28457713331.487896;28697700432.171036;22752839429.228737;23810956054.875587;21758441436.75235;20443374890.788353;18833157524.209366;11708062196.90978;8697750641.337017;13677300455.463268;12511274618.87375;11125649845.205639;12742765419.399738;14233212113.400938;14361253091.20203;14930496588.280657;16995977336.81406;17017994744.389439;26321593931.32679;28499454382.30483;28555069614.98048;31176379854.59102;24761194859.108467;23395542240.652126;20166571469.133984;18507223778.142094;20389680178.128475;19371744530.934284;19551821811.16607;19802989402.16403;19545090767.174282;16526371128.750948;15508762801.226492;14097451631.783957;18104742352.015366;19751392940.997242;28909877146.05339;24105658618.96741;13756072458.523424;14699970260.177477;16933905371.155535;22894189506.373463;21656663418.09443;25671662155.409367;25743924409.197376;25169333234.47631;26686755678.99533;38794882275.39032;48462771178.61529;49098776608.15353;41019180031.929504;40586538615.954575;42625398559.363594;43692767478.3082;50978678612.60896;69576210026.93625;67041487308.61978;84037694047.35515;133962341262.37857;150322722005.1637;203972439068.60135;163289758568.53607;207264868908.9888;221210690537.73203;290591950682.4659;321155845972.33514;425715131137.06134;314463232386.7883;298324322330.12646;265951575833.03497;223534356736.75906;297505707149.10004;387075388591.617;403657783560.1046;421477522819.9356;355017980604.5097;457796523350.2234;507889381626.9908;541673876615.1028;549758919636.0618;476630620294.2814;439790867552.76666;396899234936.6389;320354563857.1168;381791121976.2447;349056335389.1799;314931220494.93384;394628513775.2061;366695398817.36127;330211251741.10095;259350256988.01163;235235428449.11987;148791271623.67947;125647331913.1351;147677565536.3019;201684547325.2247;229440415801.9887;186670000430.8127;177918273632.48117;160462955554.32846;154496140301.9263;189478578997.59592;151062413577.56232;156777674228.40683;152444818382.92126;144188788703.97467;186901700956.48312;191042852121.47128;201595282287.4858;193276888983.6779;199607487558.33243;219903281108.44144;251586840869.99887;227186562478.89902;218513683684.05072;225483513769.4682;200099209933.71683;232417040695.4234;232081207333.19733;223177200443.95282;219472776850.51178;197803774139.33786;197321595722.87198;200867042112.70465;187396158882.85187;218052557576.0985;247252247163.20584
ethereum-classic;0.0;0.0;0.0;0.0;0.0;0.0;0.0;0.0;0.0;0.0;0.0;0.0;0.0;0.0;0.0;0.0;0.0;0.0;0.0;0.0;0.0;0.0;0.0;0.0;0.0;0.0;0.0;0.0;0.0;0.0;0.0;0.0;0.0;0.0;0.0;0.0;0.0;0.0;0.0;0.0;0.0;0.0;0.0;0.0;0.0;0.0;0.0;0.0;0.0;0.0;0.0;0.0;0.0;0.0;0.0;0.0;0.0;0.0;0.0;0.0;0.0;0.0;0.0;0.0;0.0;0.0;0.0;0.0;0.0;0.0;0.0;0.0;0.0;0.0;0.0;0.0;0.0;0.0;188461167.37;154428244.68;123621514.0;110882364.12;100524810.89;99387770.04;75476423.6406;78153557.19184;66117843.30443401;93006538.93;122421105.8;103752998.6;120268730.40000002;109350705.99;125040437.2;172371922.56;249168690.35999995;238483963.19;604766933.16;575814198.52;1554436345.14;1700463947.25;1658912307.52;1305089718.14;1364838165.0;1338574038.8;2065736746.2;948942878.7839;1224851314.356;1146797529.8823;994527429.6649;1647193067.7092;3022892432.9152;3414720607.3484;2974473655.78121;2978486822.0238957;2785797101.4322476;3395784933.3270326;3277883633.614354;1854649749.7603464;1457934050.6238954;1683125811.3125978;2170200513.1058564;1841818566.659432;1567213860.132879;1415863723.9511907;1652642113.3712838;1708216674.605958;1677300704.728409;1330992774.1096544;1329994517.4291081;1189226929.4846544;1191441370.654375;1046143837.9995673;959146191.9375757;828566029.8176118;489826770.9461231;384500399.7248261;530736531.80618393;443418966.7419856;422882643.93932074;442547552.8937968;458444531.3765823;479230876.6888802;527768853.7983601;677060202.7863469;643637732.6415875;841895282.1126486;963256448.521916;955124697.1216377;863937700.8307831;650200345.2012688;679573977.8934036;637500083.2838253;709407807.3029948;708826878.176434;535021095.90646887;519608101.8163668;552587951.7063357;525616116.44701254;455103630.6843463;441199704.71357477;523237560.8491255;915336252.9834399;1322467916.7418034;1200354202.387814;858835904.0748708;591033663.9618697;575070209.5293894;592340379.6106408;753209055.8509796;750178510.0948502;803169994.9988384;726455501.2911572;666974179.7974036;723533137.9886951;858616052.0607454;835378494.2205732;769353364.834932;601972586.5202788;628653961.2310145;617911877.2257582;612007918.8520354;584082922.5297816;782940570.543236;705288694.9765787;657877318.7142283;885262513.4883807;861643740.9643141;1704632156.9557848;1206770759.7813046;1433016541.8848667;1648062946.4245722;3653819590.2246795;4615252477.873326;12107204073.213636;8928118556.796486;7500374353.532568;7459993904.184606;5585058010.180967;6669561303.131277;9652354832.645042;8301779674.1057625;7651678856.356858;6117912102.936242;7124698315.746123;7112554378.160406;7201118453.141925;6347709832.9496355;4758191398.367078;4526526479.637183;4364534627.491663;3408374316.658132;4470998600.421671;3990808859.59254;3461150686.892375;6331353427.858966;5033349495.910813;3505361402.3801985;2979440627.6075797;3227716285.2293725;2141179843.3213413;1978867271.1978233;2049498980.0545537;5058946112.696491;5794008649.016128;4445364725.337791;4910632920.678367;3807875751.9606304;3131168138.5828567;3337212512.0541363;2854121029.6422076;2829504833.6434126;2507154242.5497174;2180675909.34448;3115064112.7643485;3024329378.3661885;3121687087.4810357;2892155514.7431803;2586034188.89678;2914366613.797068;3110219863.9462194;2745766358.5725;2585162445.9109974;2543127172.766367;2127329849.1297128;2975508280.606613;2733252791.213338;2631348523.781976;2379639952.6705813;2211710850.5744786;2244529250.691695;2342787167.76084;2139895920.313891;2505885122.118646;2839249458.55472
bitcoin-cash;0.0;0.0;0.0;0.0;0.0;0.0;0.0;0.0;0.0;0.0;0.0;0.0;0.0;0.0;0.0;0.0;0.0;0.0;0.0;0.0;0.0;0.0;0.0;0.0;0.0;0.0;0.0;0.0;0.0;0.0;0.0;0.0;0.0;0.0;0.0;0.0;0.0;0.0;0.0;0.0;0.0;0.0;0.0;0.0;0.0;0.0;0.0;0.0;0.0;0.0;0.0;0.0;0.0;0.0;0.0;0.0;0.0;0.0;0.0;0.0;0.0;0.0;0.0;0.0;0.0;0.0;0.0;0.0;0.0;0.0;0.0;0.0;0.0;0.0;0.0;0.0;0.0;0.0;0.0;0.0;0.0;0.0;0.0;0.0;0.0;0.0;0.0;0.0;0.0;0.0;0.0;0.0;0.0;0.0;0.0;0.0;0.0;0.0;0.0;0.0;0.0;0.0;0.0;4860778333.779183;10240004577.224575;7269889991.403508;6905598921.7071495;5202198085.479585;8899248423.588371;15356796372.6151;24776544227.7286;30623015766.2223;40987520108.0484;30482117217.951797;24986848628.39378;23327442427.755165;20482547864.178764;16228465433.402092;11739842754.109188;13194327769.894428;22986525798.414463;23032961518.966625;17035217121.12283;14499224994.598509;12817980329.077269;12409924878.799332;13329475832.31641;8843934834.670284;9414024371.908606;7822002986.958858;9208065605.82551;8117877814.277057;7456209328.152907;7279324918.113185;3021942380.651685;1347233515.3029945;2612132470.2302685;2213469273.640176;1999731669.3641095;2134544630.0423834;2300080405.9231796;2537926872.3181806;2987846774.461239;5554301447.960389;4700582035.375812;7188879155.51498;7919553877.256315;7524582586.610954;7205297071.228387;5673553212.150914;5906248520.1279335;5645996386.076701;5021254542.207519;5459078284.644361;4092113053.6763716;4012219587.051904;5127001265.488446;4784186142.9359865;3938274646.7667413;3761711147.9201717;3721681727.701361;6144742933.370142;6893275277.949702;7992067684.023413;5642077350.992566;3298973878.9207425;4033232991.2914743;3949718749.494903;4604740584.161843;4314015261.969577;4392939672.085924;4349073310.170115;4101844915.181824;4197481284.235581;5559662054.174176;5591959166.881856;5089980423.114132;4349907726.305169;4214806111.9247684;4845327986.924628;4864602893.168462;4483076867.153911;5909604578.802435;5355936270.002174;6376251184.215577;9146506361.733261;7449992182.683404;13214629347.300648;8619269696.047022;9838994506.810535;10136792990.462706;16152311194.209833;18575543738.932743;22067415457.495758;13287925750.040928;11843923527.959959;9895601021.678457;8552178544.906389;10344426635.832993;13200295277.039173;11993943715.312155;12277546775.34418;9457946290.829418;11815028364.794863;11283655120.02896;12643861054.349024;10815755741.410753;8448630924.554142;8179557335.403918;7413476826.934231;5418678050.931392;6537061885.833357;6373949037.62504;5501505282.433136;7303136977.6594715;6506503690.276005;5327373837.308937;4083972637.752754;3882969306.033857;2428285587.373588;1932845052.5424914;2028504036.2583568;2680081968.878357;2622403619.4121175;2202648277.766275;2268990525.168553;2305434506.43878;2074058100.8724985;2212860305.4371653;1995351899.3151612;2186026075.583366;2065460118.2830334;1862680695.8241613;2403347083.66411;2572738114.197338;2596517705.4572263;2542322665.8349004;2394518408.8159885;2405793005.526077;2575254261.609754;2295710938.8861485;2257851605.4619026;2197748737.8342285;2032291821.1950278;5943523719.5899;4919107178.650801;4835352899.236322;4462164574.041529;4039076993.6916113;4229795738.38414;4579814425.6915455;4202607013.0087743;4784165497.621917;4655369667.129495
binancecoin;0.0;0.0;0.0;0.0;0.0;0.0;0.0;0.0;0.0;0.0;0.0;0.0;0.0;0.0;0.0;0.0;0.0;0.0;0.0;0.0;0.0;0.0;0.0;0.0;0.0;0.0;0.0;0.0;0.0;0.0;0.0;0.0;0.0;0.0;0.0;0.0;0.0;0.0;0.0;0.0;0.0;0.0;0.0;0.0;0.0;0.0;0.0;0.0;0.0;0.0;0.0;0.0;0.0;0.0;0.0;0.0;0.0;0.0;0.0;0.0;0.0;0.0;0.0;0.0;0.0;0.0;0.0;0.0;0.0;0.0;0.0;0.0;0.0;0.0;0.0;0.0;0.0;0.0;0.0;0.0;0.0;0.0;0.0;0.0;0.0;0.0;0.0;0.0;0.0;0.0;0.0;0.0;0.0;0.0;0.0;0.0;0.0;0.0;0.0;0.0;0.0;0.0;0.0;0.0;0.0;10725062.436515387;10116815.717399877;18386163.398446437;124362891.80009219;157996419.777573;207284814.077617;463748632.750434;874105359.852892;1413107013.58754;1095182397.9724817;1076489477.8748689;1034409666.1921847;903469795.6671935;1100591194.0995147;1477881975.9162362;1624677819.844948;1432425675.2273564;1615512908.6133814;1715831034.7066166;1648892031.5415514;1390181389.3300672;1347243331.1910322;921186428.8367226;1078009887.4470913;965043148.9390482;1446314353.4252834;1513996077.1498418;1369356960.890323;1191248357.2253127;733037374.9700916;654002924.7738727;879152887.8663572;836972571.0558848;899814627.6501919;1337661455.9809282;1488164310.6686885;2149727573.429469;2518457976.521229;2801185465.9445357;3142590563.2334623;3885141797.620001;4754217793.272386;4595064196.296147;4511665471.407503;3957842252.0288725;4308951831.036379;4367803038.164496;3301687996.6593275;3168780324.5453725;2453809747.3141556;2862318783.1612053;3060506252.7533703;3115427069.2352676;2410939854.0686274;2205239116.243429;2103940814.8705513;2695653560.446619;2788030152.176015;3694035234.841765;2982985653.833748;1590139361.762785;1906878809.1019008;2207839720.3607697;2521986646.0992293;2317509550.3867197;2508703324.268179;2422013097.527766;2283276873.7562456;2603200688.7911263;3060607052.3759594;3387732401.9469113;3429200221.899609;4009700860.4941754;4325855176.035254;4615821052.678012;4195740161.800611;4078970764.357405;4628855599.420553;4363659616.569024;5507755823.482548;6085115283.863143;6522941333.935256;19096962299.56091;32747054923.74233;39434323550.85248;46841566978.953735;83889063375.7033;96328564775.2831;87136325690.68137;54552491112.92581;57077376078.24857;46954864788.72594;48825663947.81495;51852888023.74996;63784043199.77024;72059236389.63062;66397294535.7022;59862261975.878426;80060746880.21066;88397508686.16068;107179034486.68674;104925562003.6331;90516070605.93126;86323960659.40782;83034121647.52852;63111084940.62619;72921371863.18454;66424867796.34133;62545699437.98864;72076475923.10056;70113766960.73828;63862082109.34614;52549787608.41154;54115193868.88741;37939256522.404945;35182367551.57291;38894135454.837234;46356068027.89319;52259059529.06016;45512248503.54616;44237559174.64366;46399832661.6369;43876754813.13291;53528392691.56975;45276634124.73127;49274297384.454605;42062237375.5205;40273794261.84196;49222768561.114334;42108205614.493965;50074569838.81647;47506411709.74829;48551821321.071915;50095782784.537506;52662920698.98643;53251356964.08738;49558425064.87145;48465020079.37226;36772367138.23349;37477654423.359566;39137854035.67657;37107293025.991974;36440851751.89979;33290878918.544506;32950000070.09902;33034392755.685253;32254986274.621334;34806395605.087616;38967303592.19191
cardano;0.0;0.0;0.0;0.0;0.0;0.0;0.0;0.0;0.0;0.0;0.0;0.0;0.0;0.0;0.0;0.0;0.0;0.0;0.0;0.0;0.0;0.0;0.0;0.0;0.0;0.0;0.0;0.0;0.0;0.0;0.0;0.0;0.0;0.0;0.0;0.0;0.0;0.0;0.0;0.0;0.0;0.0;0.0;0.0;0.0;0.0;0.0;0.0;0.0;0.0;0.0;0.0;0.0;0.0;0.0;0.0;0.0;0.0;0.0;0.0;0.0;0.0;0.0;0.0;0.0;0.0;0.0;0.0;0.0;0.0;0.0;0.0;0.0;0.0;0.0;0.0;0.0;0.0;0.0;0.0;0.0;0.0;0.0;0.0;0.0;0.0;0.0;0.0;0.0;0.0;0.0;0.0;0.0;0.0;0.0;0.0;0.0;0.0;0.0;0.0;0.0;0.0;0.0;0.0;0.0;0.0;0.0;0.0;598812560.9812648;702786226.652537;3392534112.11863;10583545519.8641;19371162465.4129;16547116341.812134;12949584182.16657;10135162525.688318;7928659808.4275055;4857255772.470365;4032488129.163164;5731318573.020033;8846201709.85237;6719529327.023004;5816888952.216082;4204186352.25583;4288143511.2185006;4421974586.6867075;4451112815.662083;2935686756.6636543;3180792979.8200274;2156768492.834292;2649312387.0925603;2353322757.9909315;2191647000.860467;1990825176.6466646;1214174049.5144472;861676702.4983927;1261212381.9498465;1312610496.9720254;1187186855.6870704;1257893520.214741;1331427782.1193776;1549931684.413521;2174696705.146237;2557136226.9919124;2163523430.966617;2946534396.7957697;2794672967.2028933;2847331607.9208784;2571108566.877609;1830497000.8659518;1988646316.7879858;1477218184.4392877;1396454704.9680758;1450964365.2016687;1206975603.0621076;1234126557.146604;1287621449.0400736;1366759618.587017;1258035023.2854967;1132795997.2184882;1020670721.3132111;1312253076.5911648;1685694718.5613482;2015733205.697893;1481631103.8686461;840720328.3685061;936797188.3532804;990994166.1756727;1509035250.6732063;1545526669.7898161;2293903473.158277;2446394196.72817;2585686956.799616;4058537002.001158;4329088644.234307;4293392018.412791;3800068624.5751796;2907122714.2202334;3144236576.3845696;3314465964.1973443;2891746978.3344765;3131952630.209737;5342764712.853764;4796722199.956819;5664962992.375575;9452716399.649153;11024882710.653038;27363016264.865456;42022774483.531845;33196924181.247555;38261200550.94287;47301179157.60043;43251677970.27558;69699933668.58269;55918127620.81978;50391529523.78449;44441813698.7868;39374686507.872536;42626960806.38379;69442698916.5732;89320739294.46425;79647419225.17595;67871265795.13519;71349162035.326;63182237770.93359;64843843866.54438;49831565724.431114;41883530741.13758;42196254346.32806;41629341033.15005;33717971205.782238;35679172598.208206;30630996790.18079;25719829388.98241;36564438553.58206;30654197034.917725;24181808100.757812;20211047769.939224;21403006491.157463;17959119805.41293;15248112249.017149;14953534950.341696;17550498086.4247;18697412375.465492;15116206759.449072;15787367090.023365;14696613225.453772;12309037704.759996;14239209401.858196;11858620450.333735;11241301722.290821;10507439028.029617;8639667066.713358;12260892656.876629;13739947311.515242;14353519091.99043;12341133082.020231;11397464259.210308;14009040303.900806;15952653141.760757;13971464374.61821;12899094797.339403;13129990737.885033;9167328677.190823;10050094320.537937;11426902883.374521;10781568926.081827;9874705133.51847;8938907040.232996;8776355612.492113;8894395027.548754;8627925016.955282;10221652687.071064;13233250799.789236
tron;0.0;0.0;0.0;0.0;0.0;0.0;0.0;0.0;0.0;0.0;0.0;0.0;0.0;0.0;0.0;0.0;0.0;0.0;0.0;0.0;0.0;0.0;0.0;0.0;0.0;0.0;0.0;0.0;0.0;0.0;0.0;0.0;0.0;0.0;0.0;0.0;0.0;0.0;0.0;0.0;0.0;0.0;0.0;0.0;0.0;0.0;0.0;0.0;0.0;0.0;0.0;0.0;0.0;0.0;0.0;0.0;0.0;0.0;0.0;0.0;0.0;0.0;0.0;0.0;0.0;0.0;0.0;0.0;0.0;0.0;0.0;0.0;0.0;0.0;0.0;0.0;0.0;0.0;0.0;0.0;0.0;0.0;0.0;0.0;0.0;0.0;0.0;0.0;0.0;0.0;0.0;0.0;0.0;0.0;0.0;0.0;0.0;0.0;0.0;0.0;0.0;0.0;0.0;0.0;0.0;0.0;0.0;0.0;0.0;147470996.18371;140761166.858812;2418341289.20449;3396160239.71634;3625314077.01625;3562404575.818484;3075496876.19906;2839809834.9461594;2008278473.0001028;2244484866.5123024;2801575954.425311;6145853032.5238;4490948326.7774;3976994279.699784;2794476651.210332;2525496190.5614014;2267279179.9825273;2227507310.9005275;1276171153.3370292;1664207198.359877;1305966262.1411161;1457076025.4933484;1669936064.2446947;1474002805.7693253;1265312424.5257006;942162802.1191729;833295418.8441553;1219908618.1239524;1598024281.3237379;1658929787.0731268;1553014192.762069;1550692005.1889772;1503021183.8149123;1564123250.932082;1751840124.3086693;1575016803.35697;2069789047.8293593;2170312507.896105;2157959747.4877987;2131420637.9636118;1680085061.0728452;1481667779.050775;1160012736.3643851;1024664148.3023121;1027177556.4350339;955244534.9907774;1038386222.0974214;1312945235.216223;1231443733.3125968;1023874688.4780912;922575236.0907317;877119319.2128769;1136953743.3164864;1234596196.7045388;1564226842.0052893;1098128042.2443762;683057509.9473486;767781026.0670799;808623819.9192725;1013846525.0812234;980202540.4482952;1041716730.5449721;1070507414.6080904;1083872402.5041642;1162230495.6348948;1300902580.3904903;1800500620.939422;2106364631.2178705;2000437910.464449;1877606980.3102298;1896921623.0721695;1851059113.000115;1810243224.0749412;2320261920.8906655;2092029640.9671857;1918734259.4133859;2139819913.8297157;2261454306.6984525;3637384659.203036;3272912690.586012;3660692716.0274587;6602014663.817924;11920662705.12879;9546012982.734024;8668229957.837837;5494058081.782099;5182420474.568162;4891857389.270165;4150344687.1031895;4608623371.928847;6637746041.814234;6375540061.60153;8589280503.382593;6418268353.952703;7115856141.172952;7268165381.6175165;8909910645.264053;6942321047.392308;8930802803.419674;7696011278.03727;6981792569.351243;6004039263.75785;6815958007.333448;6270077051.892489;6156606874.904727;7474549340.863073;6288899899.3008795;6385332847.123686;7099005602.586279;7904025076.31736;5844412890.422818;5885419101.169498;6191972001.59197;6380766593.682297;6385360282.007064;5866227981.774854;5657919387.448927;5639234808.582793;5715940770.505912;5840833547.670133;4682542881.880072;5055082050.061806;5135450192.507056;5013741009.027495;5732912350.172467;5714307213.069849;6480465749.498773;6305832874.505296;5995554094.605821;5985820548.504312;6004891199.678819;6120621208.538651;6376548525.782144;6800876266.933226;6387455605.816579;6848722275.960463;7260896511.78294;6992275739.952871;6819643424.226117;6857494973.3774185;7495318693.348788;7895797934.972839;7710043297.072411;8632791161.399214;9220691985.748585
chainlink;0.0;0.0;0.0;0.0;0.0;0.0;0.0;0.0;0.0;0.0;0.0;0.0;0.0;0.0;0.0;0.0;0.0;0.0;0.0;0.0;0.0;0.0;0.0;0.0;0.0;0.0;0.0;0.0;0.0;0.0;0.0;0.0;0.0;0.0;0.0;0.0;0.0;0.0;0.0;0.0;0.0;0.0;0.0;0.0;0.0;0.0;0.0;0.0;0.0;0.0;0.0;0.0;0.0;0.0;0.0;0.0;0.0;0.0;0.0;0.0;0.0;0.0;0.0;0.0;0.0;0.0;0.0;0.0;0.0;0.0;0.0;0.0;0.0;0.0;0.0;0.0;0.0;0.0;0.0;0.0;0.0;0.0;0.0;0.0;0.0;0.0;0.0;0.0;0.0;0.0;0.0;0.0;0.0;0.0;0.0;0.0;0.0;0.0;0.0;0.0;0.0;0.0;0.0;0.0;0.0;0.0;0.0;0.0;0.0;59085402.3417718;62756735.184557;120844222.734463;262861550.520577;268444843.66889375;215872863.22598982;198402383.24718067;234524268.65773988;149236002.92986885;98485098.83493127;146803208.012556;188724611.38721842;176769765.7163409;120471986.56902467;77825652.9354584;78488469.24928142;69543449.11043079;102617907.93099482;93602865.50943571;119927573.41499883;98141575.11966345;120976487.37788011;124847585.78190915;187507327.552774;199805436.13240448;115528597.34129235;74485322.08569236;108304380.73323527;183962409.98381948;140425337.3411318;159367078.5847601;154384459.95610622;177506589.06254178;184778819.45714748;180600912.4648041;169716365.01401463;310357432.8432925;368112566.7023346;625956738.7238253;1233546995.6339626;993306523.6980698;801129122.8046415;883271812.5716602;649088568.3526369;587613800.0135245;642277008.1484133;869073503.7668048;995335912.4072121;1100419484.5058737;815761033.0097276;755452928.5013385;642831294.1851845;878926256.9747216;1031143795.5343443;1575490685.3618805;1490255791.0713098;773607184.621726;819668397.8492409;1142966175.5447679;1353940282.1185036;1387505428.6674273;1567749690.031648;1498666528.6956406;1743013899.082411;3308674933.983564;2972451669.8426394;7321865701.248197;6015458738.552195;4204163428.691788;3806457390.945367;4159614332.6018453;4386318369.521734;4758614328.062117;5626196324.594645;5037451142.470164;4465023909.695324;8245551426.346682;9106653405.76948;13276875405.456533;10178574421.958214;11379024518.8143;12076610997.823355;17901608376.79228;16116983356.547468;17628835724.49093;13732388150.341787;10728550364.53701;8524079840.57479;6891481427.768239;10151007353.33014;12354613873.423443;12003882155.374224;13812895164.234589;10859891607.807625;12422699585.124695;13911077541.914253;15013849640.056707;11886223848.733644;9157517750.15931;9194057554.954636;11821593986.559273;8046817897.855607;8113870238.872306;7057840955.542073;6423547530.096891;7901479215.263763;6605539975.060772;5122068661.808956;3685727157.5881763;3575706587.1951747;3413180169.953141;2877469491.3000903;2951995731.109838;3583584499.1434155;4051748574.4891534;3096582025.4357977;3527979280.7323055;3735347470.2849865;3390991705.226079;3857243187.768043;3169014335.314942;3787845739.180586;3164326617.896691;2736048143.4098077;3284723109.5470247;3415121357.438047;3580931702.978405;3532721703.2345357;3224687952.6063957;3933941376.1439433;4151948525.7402654;3658559637.1386313;3435272180.5936217;3354069113.8156724;2739706769.3406334;3256610967.042568;3576707771.523656;4062595801.001551;3788082360.4821796;3160239567.9577518;3421132809.5892515;4548642965.317572;4137396008.000593;6305175405.467106;8363996065.232835
maker;0.0;0.0;0.0;0.0;0.0;0.0;0.0;0.0;0.0;0.0;0.0;0.0;0.0;0.0;0.0;0.0;0.0;0.0;0.0;0.0;0.0;0.0;0.0;0.0;0.0;0.0;0.0;0.0;0.0;0.0;0.0;0.0;0.0;0.0;0.0;0.0;0.0;0.0;0.0;0.0;0.0;0.0;0.0;0.0;0.0;0.0;0.0;0.0;0.0;0.0;0.0;0.0;0.0;0.0;0.0;0.0;0.0;0.0;0.0;0.0;0.0;0.0;0.0;0.0;0.0;0.0;0.0;0.0;0.0;0.0;0.0;0.0;0.0;0.0;0.0;0.0;0.0;0.0;0.0;0.0;0.0;0.0;0.0;0.0;0.0;0.0;0.0;0.0;0.0;0.0;0.0;0.0;0.0;0.0;0.0;0.0;0.0;0.0;0.0;0.0;0.0;0.0;0.0;0.0;0.0;0.0;0.0;0.0;0.0;0.0;0.0;0.0;0.0;0.0;837015216.7987369;719735444.2135693;655261134.387602;455782290.69554883;322785032.54252344;465696700.0201588;643563654.2844747;564769855.5409998;470348707.91871226;352529892.7108651;327479729.1336247;379751550.3065894;403908353.7050865;270695479.7407741;307945711.81932455;313104819.19613785;359539299.7613313;498602009.14530927;443822293.24897206;417771616.4100237;264390194.8829739;244553489.97666043;322937594.6178588;316208431.7032992;266277226.99555427;363969900.6064613;487634957.87826407;492975171.95519495;710487215.836777;629022417.5960236;533064818.4270183;707776806.4666419;739789128.6160647;727529801.4311745;637381146.5532722;441020517.0232671;436568287.27056617;353483080.76656526;352976583.1491665;350557654.55387324;330216965.34228563;369908677.1903851;391666699.16244173;459417844.00842863;401178474.2868987;367280049.95617914;322805962.3383096;460518812.59096575;472944596.7545656;522891271.7880005;480757187.03995097;184297776.27793926;258862895.58396503;251206232.8576575;298767695.1598692;285277091.8442654;407971618.41708773;492057096.26392424;409359363.38987046;414010811.5848279;503147257.69358957;625489008.3389697;614883659.8220131;410842418.28491896;524004281.1538289;508462515.3364523;476554395.8307612;469154561.56048614;515881439.2102109;479149344.7325584;529774890.12218297;1331425622.8542943;1338454552.241126;2223108863.7872276;1842414279.2120671;1823786335.6015089;1912421633.1237512;3406619691.0780125;3909896266.2940297;4160332284.6493225;3234284381.1223807;2862189972.294256;2370360888.315191;2319132288.844452;2705096216.3830867;3419093711.4641333;3189093233.998189;2755921059.0820704;2067629131.1011581;2321193989.4222903;2183281593.072528;2729294258.268729;2754302131.647383;2138992145.4566746;2114974365.4390922;2001073826.007844;1925787820.1498404;1886903223.8651931;1764943606.3502789;1614097879.002559;1869717296.2697296;1758312186.0056753;1291718699.5525272;1410569552.2992294;1189306158.0179434;742793482.1055686;778545317.7300816;822357732.6123767;995999217.2739888;900084299.709633;687055199.434932;594104759.706022;665896939.1346171;872945427.9351434;809278241.1756171;637999689.6959629;596717482.6456919;531238108.3940031;462378907.4963671;630844187.628449;589014131.017935;684348905.76932;713473845.2421906;674987020.4242904;619714778.4219832;701368033.2312341;628186835.8553199;575366741.3999909;572536505.349493;581200618.562733;748682348.8007407;800422644.5761772;1106215558.3170803;1111560271.0943022;1040776737.5952027;1152102068.307272;1382785843.3552935;1290945425.1058125;1232664302.3381424;1275628037.2772427
usd-coin;0.0;0.0;0.0;0.0;0.0;0.0;0.0;0.0;0.0;0.0;0.0;0.0;0.0;0.0;0.0;0.0;0.0;0.0;0.0;0.0;0.0;0.0;0.0;0.0;0.0;0.0;0.0;0.0;0.0;0.0;0.0;0.0;0.0;0.0;0.0;0.0;0.0;0.0;0.0;0.0;0.0;0.0;0.0;0.0;0.0;0.0;0.0;0.0;0.0;0.0;0.0;0.0;0.0;0.0;0.0;0.0;0.0;0.0;0.0;0.0;0.0;0.0;0.0;0.0;0.0;0.0;0.0;0.0;0.0;0.0;0.0;0.0;0.0;0.0;0.0;0.0;0.0;0.0;0.0;0.0;0.0;0.0;0.0;0.0;0.0;0.0;0.0;0.0;0.0;0.0;0.0;0.0;0.0;0.0;0.0;0.0;0.0;0.0;0.0;0.0;0.0;0.0;0.0;0.0;0.0;0.0;0.0;0.0;0.0;0.0;0.0;0.0;0.0;0.0;0.0;0.0;0.0;0.0;0.0;0.0;0.0;0.0;0.0;0.0;0.0;0.0;0.0;0.0;0.0;0.0;0.0;0.0;127652782.4548048;146981646.37469363;179488336.81746954;204422469.51165003;250584341.0073861;355451747.0127863;310132134.0900024;250473888.14147717;238178935.12235603;241674979.03438798;247215043.7902301;260475212.42163062;294502573.6298207;350286855.8666861;337018772.07868254;349968804.5407158;369921760.05069834;384083284.5355743;436808772.665274;418374634.805222;453695805.48593664;426493844.07580906;430018640.03666925;473217880.402436;464372972.3163494;441606102.27584386;457052632.43507254;478098103.25889987;522027683.379936;452134110.28727376;440802894.1427316;429266918.2678881;444538917.71692306;604610634.9683182;693220680.8761803;735988497.3269466;726339842.3036596;727130462.7029525;732150216.5376983;752372162.3502809;986360473.6334208;1107994136.0053897;1079713381.6320226;1201078658.2774494;1478076251.8016133;2078905551.438918;2533716802.4001675;2744150812.0941772;2937044138.621619;2828793298.3135285;2974088272.961142;3287513028.6261783;3925840105.2082787;4876847232.563923;5890426384.544125;7427673930.147296;9003494922.920973;9519577208.063923;10825119295.695835;11602388663.572771;14671379802.829935;16506100925.921581;22704685390.73409;23903919117.514256;25187559419.98435;26383458214.494507;27319676910.389874;27604891795.48218;27448639357.499577;29298235940.94519;31692881418.685444;32935404783.24506;33110875334.75;34556187322.43858;38647787181.20883;41660928280.67066;42213673134.9147;45237354153.388405;49918615203.60159;52544445044.647194;53458489274.503975;52304672903.338715;51709881548.52324;50134682250.43055;49179894107.55351;51276012853.61831;54003654728.7661;54490560449.41742;56159787682.472305;54746590063.74996;54475694589.20637;53586366039.73065;52330137597.63609;50362962307.83526;47317566543.662346;45014733395.86217;43404958127.33407;44625634395.198494;43237688218.705246;45135657888.42942;44528657221.25403;43833013504.28466;42443689338.95115;41418075054.732704;42367057301.931015;37638741570.89347;32545003021.415047;31807237206.201717;30507262544.36261;29792036476.606792;28891039554.887623;28219492680.705715;27367221915.429714;27284376844.53866;26489110610.04625;26032843936.259975;26180791288.094017;26087551766.339985;25109326927.38972;25170230880.28926;24741908093.14662;24120206460.06144
matic-network;0.0;0.0;0.0;0.0;0.0;0.0;0.0;0.0;0.0;0.0;0.0;0.0;0.0;0.0;0.0;0.0;0.0;0.0;0.0;0.0;0.0;0.0;0.0;0.0;0.0;0.0;0.0;0.0;0.0;0.0;0.0;0.0;0.0;0.0;0.0;0.0;0.0;0.0;0.0;0.0;0.0;0.0;0.0;0.0;0.0;0.0;0.0;0.0;0.0;0.0;0.0;0.0;0.0;0.0;0.0;0.0;0.0;0.0;0.0;0.0;0.0;0.0;0.0;0.0;0.0;0.0;0.0;0.0;0.0;0.0;0.0;0.0;0.0;0.0;0.0;0.0;0.0;0.0;0.0;0.0;0.0;0.0;0.0;0.0;0.0;0.0;0.0;0.0;0.0;0.0;0.0;0.0;0.0;0.0;0.0;0.0;0.0;0.0;0.0;0.0;0.0;0.0;0.0;0.0;0.0;0.0;0.0;0.0;0.0;0.0;0.0;0.0;0.0;0.0;0.0;0.0;0.0;0.0;0.0;0.0;0.0;0.0;0.0;0.0;0.0;0.0;0.0;0.0;0.0;0.0;0.0;0.0;0.0;0.0;0.0;0.0;0.0;0.0;0.0;0.0;0.0;0.0;0.0;0.0;9332879.031491354;20738305.297899127;49723944.581620224;48117850.638910025;48567202.961990826;30148521.101809222;24649793.515025653;31730119.044654556;25657991.281462643;28108124.855697643;23703593.30660039;31483215.804624975;32342119.843158156;33091821.174110897;72079180.03293507;36302072.47564437;35068663.17398264;41523507.35281311;45898827.53726381;53140657.20115147;52016007.38224557;27511144.720317464;30394556.639563728;32094129.262316152;42771682.54140861;49885550.94609493;68868109.91555941;71283280.79746026;66354841.17009238;83572669.50299941;76294710.36643286;112770493.76629633;100757219.5131663;77608855.0548372;76978925.68164225;65864041.181776084;58765032.26359478;78234156.89819472;93174280.37194163;93550251.31725596;84631209.44895035;164779148.4679716;184772940.63699916;526213140.67283154;1117749256.1890652;1973170419.4947927;1804980922.5966039;2297836037.207801;4991210141.704644;10057100055.81402;11863968587.291674;10364623021.748594;7337372560.941216;5536398704.740059;6987112715.804755;9474150835.835825;8773548421.253822;9360593251.994034;7527251752.850457;10538949494.003557;13115422887.582073;11711428553.07416;12347540711.671173;14550346856.315825;17486345321.449097;16187585365.916744;11256659491.26909;12849548178.555407;11035100526.916391;9508814844.687849;11093895130.333271;9596445689.875225;7104638793.49721;5036766006.619186;4554325282.525717;2976144053.1693125;3689260349.77257;5651168515.500715;7457474067.138153;7095440285.182067;6186959627.576328;6145957383.291194;5796979274.008628;5897346924.712303;8005095416.012396;8362584084.658897;8251535423.80177;7849191341.130543;6808119593.556131;8803385823.395838;9983569302.074097;11947313168.062696;10797134762.810709;10140736667.456476;10176687054.126568;10826788174.404753;9117104726.971428;7963184552.156494;8309164581.828026;5484358852.774471;6156016588.621978;7443608463.232498;6418228698.293611;5926651450.428356;5109117382.069607;4934512753.029811;4957721521.822863;4790846036.055483;5875386175.231758;8509137800.966113
solana;0.0;0.0;0.0;0.0;0.0;0.0;0.0;0.0;0.0;0.0;0.0;0.0;0.0;0.0;0.0;0.0;0.0;0.0;0.0;0.0;0.0;0.0;0.0;0.0;0.0;0.0;0.0;0.0;0.0;0.0;0.0;0.0;0.0;0.0;0.0;0.0;0.0;0.0;0.0;0.0;0.0;0.0;0.0;0.0;0.0;0.0;0.0;0.0;0.0;0.0;0.0;0.0;0.0;0.0;0.0;0.0;0.0;0.0;0.0;0.0;0.0;0.0;0.0;0.0;0.0;0.0;0.0;0.0;0.0;0.0;0.0;0.0;0.0;0.0;0.0;0.0;0.0;0.0;0.0;0.0;0.0;0.0;0.0;0.0;0.0;0.0;0.0;0.0;0.0;0.0;0.0;0.0;0.0;0.0;0.0;0.0;0.0;0.0;0.0;0.0;0.0;0.0;0.0;0.0;0.0;0.0;0.0;0.0;0.0;0.0;0.0;0.0;0.0;0.0;0.0;0.0;0.0;0.0;0.0;0.0;0.0;0.0;0.0;0.0;0.0;0.0;0.0;0.0;0.0;0.0;0.0;0.0;0.0;0.0;0.0;0.0;0.0;0.0;0.0;0.0;0.0;0.0;0.0;0.0;0.0;0.0;0.0;0.0;0.0;0.0;0.0;0.0;0.0;0.0;0.0;0.0;0.0;0.0;0.0;0.0;0.0;0.0;0.0;0.0;0.0;0.0;0.0;5114653.932636794;5635423.505964131;4432087.508991812;9399234.951485896;9320494.000741212;14164459.013979025;24362181.926540546;37711209.168728195;94560197.39791581;157231078.23530626;107150010.94799854;116997169.793763;98861299.72953752;70310236.99352686;93688715.99840245;90930509.95528531;80958321.29626867;69766796.8517985;854734765.1596448;1108554251.4633815;2319301370.904806;3482110143.44744;3802503168.3197436;5229172252.453522;7510746946.813054;11625206342.893156;11799908298.851982;8921358871.643251;10852976029.829046;9784660089.64145;7712932810.684437;9870964496.720772;15290073919.010557;31632430274.413536;46994383928.494865;42018890336.78696;48823858407.19429;61090424896.042694;72198022029.53314;63510180677.8961;54610048507.25148;52907181305.50652;46337099650.87288;31354693276.844906;33579862333.60316;31846087892.82589;26592730954.19203;40036171559.14788;33734041429.04125;28318851858.6442;19795956495.33785;15607744325.008366;11709149277.269354;11335169279.75531;12938130582.027664;14746724189.24462;15322661204.914495;10982002954.905945;11742374385.911652;11808862837.8495;10608095633.113876;11727290548.409676;5205583202.097879;5160133742.783542;5134598270.270708;3663707629.8526206;8465167529.981883;8896873315.819334;8975776575.30878;8278729498.564519;7414057337.321378;8194996259.08917;9451805831.229778;9057154980.365274;8316882669.84985;8253719265.038129;5880524857.505803;7567998783.5705805;11015911503.065817;9604285334.638874;9697572470.820595;8053897659.792566;7883263120.700344;8834603606.720219;9125622303.79429;16146331428.99949;27523565135.285206
polkadot;0.0;0.0;0.0;0.0;0.0;0.0;0.0;0.0;0.0;0.0;0.0;0.0;0.0;0.0;0.0;0.0;0.0;0.0;0.0;0.0;0.0;0.0;0.0;0.0;0.0;0.0;0.0;0.0;0.0;0.0;0.0;0.0;0.0;0.0;0.0;0.0;0.0;0.0;0.0;0.0;0.0;0.0;0.0;0.0;0.0;0.0;0.0;0.0;0.0;0.0;0.0;0.0;0.0;0.0;0.0;0.0;0.0;0.0;0.0;0.0;0.0;0.0;0.0;0.0;0.0;0.0;0.0;0.0;0.0;0.0;0.0;0.0;0.0;0.0;0.0;0.0;0.0;0.0;0.0;0.0;0.0;0.0;0.0;0.0;0.0;0.0;0.0;0.0;0.0;0.0;0.0;0.0;0.0;0.0;0.0;0.0;0.0;0.0;0.0;0.0;0.0;0.0;0.0;0.0;0.0;0.0;0.0;0.0;0.0;0.0;0.0;0.0;0.0;0.0;0.0;0.0;0.0;0.0;0.0;0.0;0.0;0.0;0.0;0.0;0.0;0.0;0.0;0.0;0.0;0.0;0.0;0.0;0.0;0.0;0.0;0.0;0.0;0.0;0.0;0.0;0.0;0.0;0.0;0.0;0.0;0.0;0.0;0.0;0.0;0.0;0.0;0.0;0.0;0.0;0.0;0.0;0.0;0.0;0.0;0.0;0.0;0.0;0.0;0.0;0.0;0.0;0.0;0.0;0.0;0.0;0.0;0.0;0.0;0.0;0.0;0.0;5712939724.608923;4673343463.456086;3998481295.7904816;3777390476.4718733;3874741303.6816278;4077484365.323717;5021807204.881335;4983814223.593981;8790589451.482008;12518186422.369808;15447495133.606997;26566488356.9671;32724468747.04945;33698594020.455296;36315780875.424095;42864935181.02473;36161115650.50087;42873126463.91633;23254070863.818947;24229295867.459297;16512919235.466106;13164575053.977856;17191651678.448353;23563334000.34182;32535963685.01559;37410339125.7701;29647004904.201897;45369612052.93674;44886129168.90644;47241284463.34242;40350744977.338905;28682452365.937973;28732998502.746273;29895862458.44073;20922623770.2995;21989212429.833023;20606771091.38648;19542246751.84596;23348056183.67952;20276872295.4029;16077408003.321634;13088251956.97884;11683748015.891912;9514898970.918207;7768769566.469388;7696476702.795513;9891619918.315361;10054037534.143883;8041149795.790877;7986527235.292601;7310803464.732821;7037781206.478399;7737917244.89008;6940011819.542353;6452545832.803522;6177909728.993104;5124272924.061023;7048844533.072695;7502144503.192972;7945712271.908503;7652424036.270056;7141510095.537369;7727847982.814717;8328054056.264707;7260991514.521792;6572863586.501249;6584630091.523257;5429227760.935317;6452308276.104207;6808585227.279845;6436555543.5657425;6087074436.492555;5420070720.48991;5277919527.105485;5257098992.679027;4823411118.808268;5753039001.966329;7208873536.650407
avalanche-2;0.0;0.0;0.0;0.0;0.0;0.0;0.0;0.0;0.0;0.0;0.0;0.0;0.0;0.0;0.0;0.0;0.0;0.0;0.0;0.0;0.0;0.0;0.0;0.0;0.0;0.0;0.0;0.0;0.0;0.0;0.0;0.0;0.0;0.0;0.0;0.0;0.0;0.0;0.0;0.0;0.0;0.0;0.0;0.0;0.0;0.0;0.0;0.0;0.0;0.0;0.0;0.0;0.0;0.0;0.0;0.0;0.0;0.0;0.0;0.0;0.0;0.0;0.0;0.0;0.0;0.0;0.0;0.0;0.0;0.0;0.0;0.0;0.0;0.0;0.0;0.0;0.0;0.0;0.0;0.0;0.0;0.0;0.0;0.0;0.0;0.0;0.0;0.0;0.0;0.0;0.0;0.0;0.0;0.0;0.0;0.0;0.0;0.0;0.0;0.0;0.0;0.0;0.0;0.0;0.0;0.0;0.0;0.0;0.0;0.0;0.0;0.0;0.0;0.0;0.0;0.0;0.0;0.0;0.0;0.0;0.0;0.0;0.0;0.0;0.0;0.0;0.0;0.0;0.0;0.0;0.0;0.0;0.0;0.0;0.0;0.0;0.0;0.0;0.0;0.0;0.0;0.0;0.0;0.0;0.0;0.0;0.0;0.0;0.0;0.0;0.0;0.0;0.0;0.0;0.0;0.0;0.0;0.0;0.0;0.0;0.0;0.0;0.0;0.0;0.0;0.0;0.0;0.0;0.0;0.0;0.0;0.0;0.0;0.0;0.0;0.0;0.0;0.0;106075718.17811859;101179434.49459964;89124828.89025648;86917107.65111312;91011244.23821864;253933092.0884222;234519739.58818713;728299137.5004963;1036012456.4582223;2894940856.7395782;1842530857.7771137;3728828896.1204996;3667524624.1772633;4767391064.9070015;4207796400.048865;4459775094.314252;2353206153.5757246;2559572981.306809;2065555978.968234;1964199273.093541;2344357341.4212813;3244765385.0644417;6930747543.102466;12579264876.925499;14651539302.696323;12408030697.720098;14156201089.398258;20865448492.249767;27230588283.504005;24476225101.21547;26870290075.549736;22849251757.911392;17153285601.80485;22898881742.141956;20678374642.598232;18668753893.53421;25580015320.664375;20754903817.548954;15281707941.736277;9793084734.695568;7208555806.548465;5076381198.011629;4704499344.059579;5496705051.218617;6769063615.736436;7904215936.2905245;5622851605.675999;5387976779.888762;5096140744.727143;4579441413.581862;5775047507.582578;4061843929.2373543;4085966651.761735;4090349798.7896686;3391585733.120893;5223605334.729731;6242904985.964764;6245581165.072944;5543410198.844217;5087388105.908977;5774920283.868628;6235653173.531929;5652314785.68788;5036630418.263512;4860250902.17328;3930683862.3476996;4493191261.159981;5127762032.8918085;4441640924.8309355;4060500083.2735295;3529270818.953637;3334376491.240993;3274706042.1924553;3252654119.337034;4014683765.59126;7343873896.69145
staked-ether;0.0;0.0;0.0;0.0;0.0;0.0;0.0;0.0;0.0;0.0;0.0;0.0;0.0;0.0;0.0;0.0;0.0;0.0;0.0;0.0;0.0;0.0;0.0;0.0;0.0;0.0;0.0;0.0;0.0;0.0;0.0;0.0;0.0;0.0;0.0;0.0;0.0;0.0;0.0;0.0;0.0;0.0;0.0;0.0;0.0;0.0;0.0;0.0;0.0;0.0;0.0;0.0;0.0;0.0;0.0;0.0;0.0;0.0;0.0;0.0;0.0;0.0;0.0;0.0;0.0;0.0;0.0;0.0;0.0;0.0;0.0;0.0;0.0;0.0;0.0;0.0;0.0;0.0;0.0;0.0;0.0;0.0;0.0;0.0;0.0;0.0;0.0;0.0;0.0;0.0;0.0;0.0;0.0;0.0;0.0;0.0;0.0;0.0;0.0;0.0;0.0;0.0;0.0;0.0;0.0;0.0;0.0;0.0;0.0;0.0;0.0;0.0;0.0;0.0;0.0;0.0;0.0;0.0;0.0;0.0;0.0;0.0;0.0;0.0;0.0;0.0;0.0;0.0;0.0;0.0;0.0;0.0;0.0;0.0;0.0;0.0;0.0;0.0;0.0;0.0;0.0;0.0;0.0;0.0;0.0;0.0;0.0;0.0;0.0;0.0;0.0;0.0;0.0;0.0;0.0;0.0;0.0;0.0;0.0;0.0;0.0;0.0;0.0;0.0;0.0;0.0;0.0;0.0;0.0;0.0;0.0;0.0;0.0;0.0;0.0;0.0;0.0;0.0;0.0;0.0;0.0;0.0;0.0;0.0;12333635.441624038;77773706.44238818;140184744.40388563;294958586.7323307;257558423.01740965;327760427.14815843;371312517.8656141;555852003.2217938;690706798.2627119;1308400999.2253513;1213071707.9638631;1281508725.5186393;1256728376.3778224;1227482244.6058474;1750642898.5675738;2662352760.9314666;3939610032.5180397;4564047642.66385;3949031853.952046;5363151343.088367;6095952587.070779;6725664449.267692;6968542633.266444;6270780455.061357;5985253188.664137;5629903308.390038;4819093900.228953;5973608152.894295;5853266536.655793;6560351779.191537;9725620013.912312;10277794325.155043;10238246818.480974;8845293112.917147;8041422929.290812;4865407329.051592;4211619844.6465187;5067415086.312718;7010984455.047548;7946792588.74309;6466310230.106593;6277134394.381585;5827879364.529762;5635180566.082779;7285300040.137615;5868133482.46255;6116877419.369578;6001355340.745705;5707855127.293974;7497916702.428108;7932232308.791936;8557515578.823345;9092602386.6164;9598538695.49861;10743770851.14807;12483284476.654598;11698972199.023617;12145434638.212826;13021076320.522196;12005097733.44295;14468983365.519205;14920946853.556885;14758278423.256407;14849881755.752842;14028219078.489252;14193258015.566938;14673174824.913551;13745855310.833122;15984316106.288525;18388986032.341297
